Workbook

Sheet analisi
A1: month | B1: GPRC_RUS | C1: CWT_ID | D1: CWT_Stand | E1: - GPRC_RUS
A2: 43466 | B2: 0.99872506 | C2: -2357.0626 | D2: =STANDARDIZE(C2,$F$2,$F$3) -> -0.013183022 | E2: =-B2 -> -0.99872506 | F2: =AVERAGE(C2:C42) -> -2327.6323
A3: 43497 | B3: 1.0575017 | C3: -2232.6716 | D3: =STANDARDIZE(C3,$F$2,$F$3) -> 0.042536644 | E3: =-B3 -> -1.0575017 | F3: =_xlfn.STDEV.P(C2:C42) -> 2232.4433
A4: 43525 | B4: 0.56311005 | C4: -2337.3385 | D4: =STANDARDIZE(C4,$F$2,$F$3) -> -0.0043477838 | E4: =-B4 -> -0.56311005
A5: 43556 | B5: 0.80580175 | C5: -2049.9463 | D5: =STANDARDIZE(C5,$F$2,$F$3) -> 0.12438657 | E5: =-B5 -> -0.80580175
A6: 43586 | B6: 0.97137451 | C6: -1949.6975 | D6: =STANDARDIZE(C6,$F$2,$F$3) -> 0.16929197 | E6: =-B6 -> -0.97137451
A7: 43617 | B7: 0.90171713 | C7: -2024.8756 | D7: =STANDARDIZE(C7,$F$2,$F$3) -> 0.13561673 | E7: =-B7 -> -0.90171713
A8: 43647 | B8: 0.80081409 | C8: -2015.3382 | D8: =STANDARDIZE(C8,$F$2,$F$3) -> 0.13988893 | E8: =-B8 -> -0.80081409
A9: 43678 | B9: 0.83620918 | C9: -1752.9461 | D9: =STANDARDIZE(C9,$F$2,$F$3) -> 0.25742478 | E9: =-B9 -> -0.83620918
A10: 43709 | B10: 0.58018512 | C10: -1472.0207 | D10: =STANDARDIZE(C10,$F$2,$F$3) -> 0.38326239 | E10: =-B10 -> -0.58018512
A11: 43739 | B11: 1.0720592 | C11: -1812.524 | D11: =STANDARDIZE(C11,$F$2,$F$3) -> 0.23073745 | E11: =-B11 -> -1.0720592
A12: 43770 | B12: 0.47095069 | C12: -1577.9346 | D12: =STANDARDIZE(C12,$F$2,$F$3) -> 0.33581937 | E12: =-B12 -> -0.47095069
A13: 43800 | B13: 0.58246773 | C13: -2062.6974 | D13: =STANDARDIZE(C13,$F$2,$F$3) -> 0.11867487 | E13: =-B13 -> -0.58246773
A14: 43831 | B14: 1.1780277 | C14: -1425.9349 | D14: =STANDARDIZE(C14,$F$2,$F$3) -> 0.40390606 | E14: =-B14 -> -1.1780277
A15: 43862 | B15: 0.65983057 | C15: -2021.6547 | D15: =STANDARDIZE(C15,$F$2,$F$3) -> 0.13705952 | E15: =-B15 -> -0.65983057
... A42: 44682 | B42: 3.046875 | C42: -5398.4564 | D42: =STANDARDIZE(C42,$F$2,$F$3) -> -1.375544 | E42: =-B42 -> -3.046875
C43: =CORREL(B2:B42,C2:C42) -> -0.95719668 | D43: =CORREL(B2:B42,D2:D42) -> -0.95719668 | E43: =-B43 -> 0

Sheet RU
A1: month | B1: GPRC_RUS
A2: 43466 | B2: 0.99872506
A3: 43497 | B3: 1.0575017
A4: 43525 | B4: 0.56311005
A5: 43556 | B5: 0.80580175
A6: 43586 | B6: 0.97137451
A7: 43617 | B7: 0.90171713
A8: 43647 | B8: 0.80081409
A9: 43678 | B9: 0.83620918
A10: 43709 | B10: 0.58018512
A11: 43739 | B11: 1.0720592
A12: 43770 | B12: 0.47095069
A13: 43800 | B13: 0.58246773
... A42: 44682 | B42: 3.046875

Sheet CONFRONTO
B1: RUSSIA | C1: CHINA | D1: TURKEY | E1: SOUTH KOREA | F1: SAUDI_ARABIA | G1: INDIA | H1: TAIWAN | I1: MEXICO | J1: BRAZIL | K1: SOUTH AFRICA
A2: CORR | B2: -0.9572 | C2: 0,0046 | D2: -0,6994 | E2: 0.0046050069 | F2: -0.8113 | G2: -0,1940 | H2: -0.3823 | I2: -0.700397 | J2: -0.21860744 | K2: -0.101564
A3: p-value | B3: 1,37 x 10^-22 | C3: 0,9767 | D3: 3,62 x 10^-7 | E3: 0.9772 | F3: 1.24x10^-10 | G3: 0,22409 | H3: 0.01361 | I3: 3.43x10^-7 | J3: 0.169703 | K3: 0.52748
B5: CORR | C5: p-value
A6: RUSSIA | B6: -0.9572 | C6: 0
A7: SAUDI ARABIA | B7: -0.8113 | C7: 0
A8: MEXICO | B8: -0.7003 | C8: 0
A9: TURKEY | B9: -0.6994 | C9: 0
A10: TAIWAN | B10: -0.3823 | C10: 0.0136
A11: BRAZIL | B11: -0.2186 | C11: 0.1697
A12: INDIA | B12: -0.194 | C12: 0.224
A13: SOUTH AFRICA | B13: -0.1016 | C13: 0.5275
A14: CHINA | B14: 0,0046 | C14: 0.9767
A15: SOUTH KOREA | B15: 0,0046 | C15: 0.9772

Sheet confronto CWT
A1: month | B1: CWT_RUS | C1: CWT_CHN | D1: CWT_TUR | E1: CWT_KOR | F1: CWT_SAU | G1: CWT_IND | H1: CWT_TWN | I1: CWT_MEX | J1: CWT_BRA | K1: CWT_ZAF
A2: 43466 | B2: -2357.0626 | C2: -1502.7378 | D2: -788.83732 | E2: -132.84352 | F2: -570.98658 | G2: -421.17602 | H2: -56.673359 | I2: -1167.8015 | J2: -655.07634 | K2: -135.14075
A3: 43497 | B3: -2232.6716 | C3: -919.17909 | D3: -576.57628 | E3: -142.1715 | F3: -477.85771 | G3: -2034.9328 | H3: -37.931447 | I3: -930.58092 | J3: -404.22865 | K3: -92.552235
A4: 43525 | B4: -2337.3385 | C4: -1078.229 | D4: -812.24727 | E4: -254.91505 | F4: -478.23128 | G4: -1289.8753 | H4: -18.848896 | I4: -676.82931 | J4: -396.86818 | K4: -116.59753
A5: 43556 | B5: -2049.9463 | C5: -688.01242 | D5: -583.61731 | E5: -221.84674 | F5: -657.39323 | G5: -931.22524 | H5: -43.879633 | I5: -831.69738 | J5: -288.92187 | K5: -135.31071
A6: 43586 | B6: -1949.6975 | C6: -708.02479 | D6: -569.17892 | E6: -289.94624 | F6: -765.20927 | G6: -669.60953 | H6: -10.676944 | I6: -659.81833 | J6: -380.56413 | K6: -92.840807
A7: 43617 | B7: -2024.8756 | C7: -388.54425 | D7: -532.22858 | E7: -207.52637 | F7: -878.86533 | G7: -614.0607 | H7: -155.34541 | I7: -1106.3851 | J7: -244.94525 | K7: -76.358708
A8: 43647 | B8: -2015.3382 | C8: 17.726654 | D8: -678.50868 | E8: -348.18583 | F8: -323.26949 | G8: -656.68499 | H8: -76.986017 | I8: -886.25461 | J8: -362.17199 | K8: -91.128386
A9: 43678 | B9: -1752.9461 | C9: -1689.4182 | D9: -481.91138 | E9: -333.44788 | F9: -312.14174 | G9: -1163.1512 | H9: -93.354391 | I9: -1156.0119 | J9: -696.62574 | K9: -77.701543
A10: 43709 | B10: -1472.0207 | C10: -1356.2661 | D10: -512.72181 | E10: -218.54896 | F10: -1617.309 | G10: -706.92757 | H10: -39.859616 | I10: -525.73872 | J10: -311.85456 | K10: -319.47959
A11: 43739 | B11: -1812.524 | C11: -1418.4384 | D11: -3166.0503 | E11: -207.40876 | F11: -327.62185 | G11: -492.28135 | H11: -139.90681 | I11: -541.92257 | J11: -193.35231 | K11: -96.006077
A12: 43770 | B12: -1577.9346 | C12: -1522.6442 | D12: -941.58692 | E12: -197.63039 | F12: -237.25032 | G12: -415.7617 | H12: -26.903127 | I12: -1086.8085 | J12: -289.12606 | K12: -85.831212
A13: 43800 | B13: -2062.6974 | C13: -929.74069 | D13: -828.81028 | E13: -169.71127 | F13: -451.84935 | G13: -1135.8407 | H13: -61.989999 | I13: -551.53935 | J13: -218.52996 | K13: -74.277034
... A42: 44682 | B42: -5398.4564 | C42: -684.63342 | D42: -385.82076 | E42: -211.91565 | F42: -67.523571 | G42: -315.93556 | H42: -199.09578 | I42: -369.64083 | J42: -118.66303 | K42: -65.348113

Sheet Sheet2
A1: month | B1: ST(CWT_RUS) | C1: ST(CWT_CHN) | D1: ST(CWT_TUR) | E1: ST(CWT_KOR) | F1: ST(CWT_SAU) | G1: ST(CWT_IND) | H1: ST(CWT_TWN) | I1: ST(CWT_MEX) | J1: ST(CWT_BRA) | K1: ST(CWT_ZAF)
A2: 43466 | B2: =STANDARDIZE('confronto CWT'!B2,AVERAGE('confronto CWT'!B$2:B$42),STDEV('confronto CWT'!B$2:B$42)) -> -0.013021261 | C2: =STANDARDIZE('confronto CWT'!C2,AVERAGE('confronto CWT'!C$2:C$42),STDEV('confronto CWT'!C$2:C$42)) -> -0.22663031 | D2: =STANDARDIZE('confronto CWT'!D2,AVERAGE('confronto CWT'!D$2:D$42),STDEV('confronto CWT'!D$2:D$42)) -> -0.35901183 | E2: =STANDARDIZE('confronto CWT'!E2,AVERAGE('confronto CWT'!E$2:E$42),STDEV('confronto CWT'!E$2:E$42)) -> 0.61923611 | F2: =STANDARDIZE('confronto CWT'!F2,AVERAGE('confronto CWT'!F$2:F$42),STDEV('confronto CWT'!F$2:F$42)) -> -0.8763827 | G2: =STANDARDIZE('confronto CWT'!G2,AVERAGE('confronto CWT'!G$2:G$42),STDEV('confronto CWT'!G$2:G$42)) -> 0.61675515 | H2: =STANDARDIZE('confronto CWT'!H2,AVERAGE('confronto CWT'!H$2:H$42),STDEV('confronto CWT'!H$2:H$42)) -> 0.89875104 | I2: =STANDARDIZE('confronto CWT'!I2,AVERAGE('confronto CWT'!I$2:I$42),STDEV('confronto CWT'!I$2:I$42)) -> -2.4332316 | ... K2: =STANDARDIZE('confronto CWT'!K2,AVERAGE('confronto CWT'!K$2:K$42),STDEV('confronto CWT'!K$2:K$42)) -> 0.22971402
A3: 43497 | B3: =STANDARDIZE('confronto CWT'!B3,AVERAGE('confronto CWT'!B$2:B$42),STDEV('confronto CWT'!B$2:B$42)) -> 0.042014702 | C3: =STANDARDIZE('confronto CWT'!C3,AVERAGE('confronto CWT'!C$2:C$42),STDEV('confronto CWT'!C$2:C$42)) -> 0.32020187 | D3: =STANDARDIZE('confronto CWT'!D3,AVERAGE('confronto CWT'!D$2:D$42),STDEV('confronto CWT'!D$2:D$42)) -> 0.067409197 | E3: =STANDARDIZE('confronto CWT'!E3,AVERAGE('confronto CWT'!E$2:E$42),STDEV('confronto CWT'!E$2:E$42)) -> 0.55645447 | F3: =STANDARDIZE('confronto CWT'!F3,AVERAGE('confronto CWT'!F$2:F$42),STDEV('confronto CWT'!F$2:F$42)) -> -0.5471057 | G3: =STANDARDIZE('confronto CWT'!G3,AVERAGE('confronto CWT'!G$2:G$42),STDEV('confronto CWT'!G$2:G$42)) -> -3.8001475 | H3: =STANDARDIZE('confronto CWT'!H3,AVERAGE('confronto CWT'!H$2:H$42),STDEV('confronto CWT'!H$2:H$42)) -> 1.2418985 | I3: =STANDARDIZE('confronto CWT'!I3,AVERAGE('confronto CWT'!I$2:I$42),STDEV('confronto CWT'!I$2:I$42)) -> -1.5312346 | ... K3: =STANDARDIZE('confronto CWT'!K3,AVERAGE('confronto CWT'!K$2:K$42),STDEV('confronto CWT'!K$2:K$42)) -> 0.6799051
A4: 43525 | B4: =STANDARDIZE('confronto CWT'!B4,AVERAGE('confronto CWT'!B$2:B$42),STDEV('confronto CWT'!B$2:B$42)) -> -0.0042944348 | C4: =STANDARDIZE('confronto CWT'!C4,AVERAGE('confronto CWT'!C$2:C$42),STDEV('confronto CWT'!C$2:C$42)) -> 0.17116184 | D4: =STANDARDIZE('confronto CWT'!D4,AVERAGE('confronto CWT'!D$2:D$42),STDEV('confronto CWT'!D$2:D$42)) -> -0.40604116 | E4: =STANDARDIZE('confronto CWT'!E4,AVERAGE('confronto CWT'!E$2:E$42),STDEV('confronto CWT'!E$2:E$42)) -> -0.20236215 | F4: =STANDARDIZE('confronto CWT'!F4,AVERAGE('confronto CWT'!F$2:F$42),STDEV('confronto CWT'!F$2:F$42)) -> -0.54842654 | G4: =STANDARDIZE('confronto CWT'!G4,AVERAGE('confronto CWT'!G$2:G$42),STDEV('confronto CWT'!G$2:G$42)) -> -1.7609018 | H4: =STANDARDIZE('confronto CWT'!H4,AVERAGE('confronto CWT'!H$2:H$42),STDEV('confronto CWT'!H$2:H$42)) -> 1.5912828 | I4: =STANDARDIZE('confronto CWT'!I4,AVERAGE('confronto CWT'!I$2:I$42),STDEV('confronto CWT'!I$2:I$42)) -> -0.56638077 | ... K4: =STANDARDIZE('confronto CWT'!K4,AVERAGE('confronto CWT'!K$2:K$42),STDEV('confronto CWT'!K$2:K$42)) -> 0.42572915
A5: 43556 | B5: =STANDARDIZE('confronto CWT'!B5,AVERAGE('confronto CWT'!B$2:B$42),STDEV('confronto CWT'!B$2:B$42)) -> 0.12286029 | C5: =STANDARDIZE('confronto CWT'!C5,AVERAGE('confronto CWT'!C$2:C$42),STDEV('confronto CWT'!C$2:C$42)) -> 0.53681995 | D5: =STANDARDIZE('confronto CWT'!D5,AVERAGE('confronto CWT'!D$2:D$42),STDEV('confronto CWT'!D$2:D$42)) -> 0.053264141 | E5: =STANDARDIZE('confronto CWT'!E5,AVERAGE('confronto CWT'!E$2:E$42),STDEV('confronto CWT'!E$2:E$42)) -> 0.020202947 | F5: =STANDARDIZE('confronto CWT'!F5,AVERAGE('confronto CWT'!F$2:F$42),STDEV('confronto CWT'!F$2:F$42)) -> -1.1818918 | G5: =STANDARDIZE('confronto CWT'!G5,AVERAGE('confronto CWT'!G$2:G$42),STDEV('confronto CWT'!G$2:G$42)) -> -0.77926546 | H5: =STANDARDIZE('confronto CWT'!H5,AVERAGE('confronto CWT'!H$2:H$42),STDEV('confronto CWT'!H$2:H$42)) -> 1.1329926 | I5: =STANDARDIZE('confronto CWT'!I5,AVERAGE('confronto CWT'!I$2:I$42),STDEV('confronto CWT'!I$2:I$42)) -> -1.1552442 | ... K5: =STANDARDIZE('confronto CWT'!K5,AVERAGE('confronto CWT'!K$2:K$42),STDEV('confronto CWT'!K$2:K$42)) -> 0.22791748
A6: 43586 | B6: =STANDARDIZE('confronto CWT'!B6,AVERAGE('confronto CWT'!B$2:B$42),STDEV('confronto CWT'!B$2:B$42)) -> 0.16721469 | C6: =STANDARDIZE('confronto CWT'!C6,AVERAGE('confronto CWT'!C$2:C$42),STDEV('confronto CWT'!C$2:C$42)) -> 0.51806707 | D6: =STANDARDIZE('confronto CWT'!D6,AVERAGE('confronto CWT'!D$2:D$42),STDEV('confronto CWT'!D$2:D$42)) -> 0.082270082 | E6: =STANDARDIZE('confronto CWT'!E6,AVERAGE('confronto CWT'!E$2:E$42),STDEV('confronto CWT'!E$2:E$42)) -> -0.43813843 | F6: =STANDARDIZE('confronto CWT'!F6,AVERAGE('confronto CWT'!F$2:F$42),STDEV('confronto CWT'!F$2:F$42)) -> -1.5630984 | G6: =STANDARDIZE('confronto CWT'!G6,AVERAGE('confronto CWT'!G$2:G$42),STDEV('confronto CWT'!G$2:G$42)) -> -0.063215124 | H6: =STANDARDIZE('confronto CWT'!H6,AVERAGE('confronto CWT'!H$2:H$42),STDEV('confronto CWT'!H$2:H$42)) -> 1.7409039 | I6: =STANDARDIZE('confronto CWT'!I6,AVERAGE('confronto CWT'!I$2:I$42),STDEV('confronto CWT'!I$2:I$42)) -> -0.50169899 | ... K6: =STANDARDIZE('confronto CWT'!K6,AVERAGE('confronto CWT'!K$2:K$42),STDEV('confronto CWT'!K$2:K$42)) -> 0.67685468
A7: 43617 | B7: =STANDARDIZE('confronto CWT'!B7,AVERAGE('confronto CWT'!B$2:B$42),STDEV('confronto CWT'!B$2:B$42)) -> 0.13395266 | C7: =STANDARDIZE('confronto CWT'!C7,AVERAGE('confronto CWT'!C$2:C$42),STDEV('confronto CWT'!C$2:C$42)) -> 0.81744095 | D7: =STANDARDIZE('confronto CWT'!D7,AVERAGE('confronto CWT'!D$2:D$42),STDEV('confronto CWT'!D$2:D$42)) -> 0.15650134 | E7: =STANDARDIZE('confronto CWT'!E7,AVERAGE('confronto CWT'!E$2:E$42),STDEV('confronto CWT'!E$2:E$42)) -> 0.11658573 | F7: =STANDARDIZE('confronto CWT'!F7,AVERAGE('confronto CWT'!F$2:F$42),STDEV('confronto CWT'!F$2:F$42)) -> -1.9649537 | G7: =STANDARDIZE('confronto CWT'!G7,AVERAGE('confronto CWT'!G$2:G$42),STDEV('confronto CWT'!G$2:G$42)) -> 0.088823774 | H7: =STANDARDIZE('confronto CWT'!H7,AVERAGE('confronto CWT'!H$2:H$42),STDEV('confronto CWT'!H$2:H$42)) -> -0.90784522 | I7: =STANDARDIZE('confronto CWT'!I7,AVERAGE('confronto CWT'!I$2:I$42),STDEV('confronto CWT'!I$2:I$42)) -> -2.1997046 | ... K7: =STANDARDIZE('confronto CWT'!K7,AVERAGE('confronto CWT'!K$2:K$42),STDEV('confronto CWT'!K$2:K$42)) -> 0.85108226
A8: 43647 | B8: =STANDARDIZE('confronto CWT'!B8,AVERAGE('confronto CWT'!B$2:B$42),STDEV('confronto CWT'!B$2:B$42)) -> 0.13817243 | C8: =STANDARDIZE('confronto CWT'!C8,AVERAGE('confronto CWT'!C$2:C$42),STDEV('confronto CWT'!C$2:C$42)) -> 1.198143 | D8: =STANDARDIZE('confronto CWT'!D8,AVERAGE('confronto CWT'!D$2:D$42),STDEV('confronto CWT'!D$2:D$42)) -> -0.13736753 | E8: =STANDARDIZE('confronto CWT'!E8,AVERAGE('confronto CWT'!E$2:E$42),STDEV('confronto CWT'!E$2:E$42)) -> -0.83011797 | F8: =STANDARDIZE('confronto CWT'!F8,AVERAGE('confronto CWT'!F$2:F$42),STDEV('confronto CWT'!F$2:F$42)) -> -0.0005260765 | G8: =STANDARDIZE('confronto CWT'!G8,AVERAGE('confronto CWT'!G$2:G$42),STDEV('confronto CWT'!G$2:G$42)) -> -0.027840245 | H8: =STANDARDIZE('confronto CWT'!H8,AVERAGE('confronto CWT'!H$2:H$42),STDEV('confronto CWT'!H$2:H$42)) -> 0.52684458 | I8: =STANDARDIZE('confronto CWT'!I8,AVERAGE('confronto CWT'!I$2:I$42),STDEV('confronto CWT'!I$2:I$42)) -> -1.3626902 | ... K8: =STANDARDIZE('confronto CWT'!K8,AVERAGE('confronto CWT'!K$2:K$42),STDEV('confronto CWT'!K$2:K$42)) -> 0.69495619
A9: 43678 | B9: =STANDARDIZE('confronto CWT'!B9,AVERAGE('confronto CWT'!B$2:B$42),STDEV('confronto CWT'!B$2:B$42)) -> 0.25426607 | C9: =STANDARDIZE('confronto CWT'!C9,AVERAGE('confronto CWT'!C$2:C$42),STDEV('confronto CWT'!C$2:C$42)) -> -0.40156186 | D9: =STANDARDIZE('confronto CWT'!D9,AVERAGE('confronto CWT'!D$2:D$42),STDEV('confronto CWT'!D$2:D$42)) -> 0.25758588 | E9: =STANDARDIZE('confronto CWT'!E9,AVERAGE('confronto CWT'!E$2:E$42),STDEV('confronto CWT'!E$2:E$42)) -> -0.7309247 | F9: =STANDARDIZE('confronto CWT'!F9,AVERAGE('confronto CWT'!F$2:F$42),STDEV('confronto CWT'!F$2:F$42)) -> 0.038818461 | G9: =STANDARDIZE('confronto CWT'!G9,AVERAGE('confronto CWT'!G$2:G$42),STDEV('confronto CWT'!G$2:G$42)) -> -1.4140541 | H9: =STANDARDIZE('confronto CWT'!H9,AVERAGE('confronto CWT'!H$2:H$42),STDEV('confronto CWT'!H$2:H$42)) -> 0.2271544 | I9: =STANDARDIZE('confronto CWT'!I9,AVERAGE('confronto CWT'!I$2:I$42),STDEV('confronto CWT'!I$2:I$42)) -> -2.3884032 | ... K9: =STANDARDIZE('confronto CWT'!K9,AVERAGE('confronto CWT'!K$2:K$42),STDEV('confronto CWT'!K$2:K$42)) -> 0.83688752
A10: 43709 | B10: =STANDARDIZE('confronto CWT'!B10,AVERAGE('confronto CWT'!B$2:B$42),STDEV('confronto CWT'!B$2:B$42)) -> 0.37855961 | C10: =STANDARDIZE('confronto CWT'!C10,AVERAGE('confronto CWT'!C$2:C$42),STDEV('confronto CWT'!C$2:C$42)) -> -0.089376819 | D10: =STANDARDIZE('confronto CWT'!D10,AVERAGE('confronto CWT'!D$2:D$42),STDEV('confronto CWT'!D$2:D$42)) -> 0.19568938 | E10: =STANDARDIZE('confronto CWT'!E10,AVERAGE('confronto CWT'!E$2:E$42),STDEV('confronto CWT'!E$2:E$42)) -> 0.042398561 | F10: =STANDARDIZE('confronto CWT'!F10,AVERAGE('confronto CWT'!F$2:F$42),STDEV('confronto CWT'!F$2:F$42)) -> -4.5758787 | G10: =STANDARDIZE('confronto CWT'!G10,AVERAGE('confronto CWT'!G$2:G$42),STDEV('confronto CWT'!G$2:G$42)) -> -0.16535574 | H10: =STANDARDIZE('confronto CWT'!H10,AVERAGE('confronto CWT'!H$2:H$42),STDEV('confronto CWT'!H$2:H$42)) -> 1.2065955 | I10: =STANDARDIZE('confronto CWT'!I10,AVERAGE('confronto CWT'!I$2:I$42),STDEV('confronto CWT'!I$2:I$42)) -> 0.0081193704 | ... K10: =STANDARDIZE('confronto CWT'!K10,AVERAGE('confronto CWT'!K$2:K$42),STDEV('confronto CWT'!K$2:K$42)) -> -1.7188793
A11: 43739 | B11: =STANDARDIZE('confronto CWT'!B11,AVERAGE('confronto CWT'!B$2:B$42),STDEV('confronto CWT'!B$2:B$42)) -> 0.22790621 | C11: =STANDARDIZE('confronto CWT'!C11,AVERAGE('confronto CWT'!C$2:C$42),STDEV('confronto CWT'!C$2:C$42)) -> -0.14763633 | D11: =STANDARDIZE('confronto CWT'!D11,AVERAGE('confronto CWT'!D$2:D$42),STDEV('confronto CWT'!D$2:D$42)) -> -5.1347048 | E11: =STANDARDIZE('confronto CWT'!E11,AVERAGE('confronto CWT'!E$2:E$42),STDEV('confronto CWT'!E$2:E$42)) -> 0.11737727 | F11: =STANDARDIZE('confronto CWT'!F11,AVERAGE('confronto CWT'!F$2:F$42),STDEV('confronto CWT'!F$2:F$42)) -> -0.015914783 | G11: =STANDARDIZE('confronto CWT'!G11,AVERAGE('confronto CWT'!G$2:G$42),STDEV('confronto CWT'!G$2:G$42)) -> 0.42213763 | H11: =STANDARDIZE('confronto CWT'!H11,AVERAGE('confronto CWT'!H$2:H$42),STDEV('confronto CWT'!H$2:H$42)) -> -0.62517841 | I11: =STANDARDIZE('confronto CWT'!I11,AVERAGE('confronto CWT'!I$2:I$42),STDEV('confronto CWT'!I$2:I$42)) -> -0.053417399 | ... K11: =STANDARDIZE('confronto CWT'!K11,AVERAGE('confronto CWT'!K$2:K$42),STDEV('confronto CWT'!K$2:K$42)) -> 0.64339552
A12: 43770 | B12: =STANDARDIZE('confronto CWT'!B12,AVERAGE('confronto CWT'!B$2:B$42),STDEV('confronto CWT'!B$2:B$42)) -> 0.33169873 | C12: =STANDARDIZE('confronto CWT'!C12,AVERAGE('confronto CWT'!C$2:C$42),STDEV('confronto CWT'!C$2:C$42)) -> -0.24528386 | D12: =STANDARDIZE('confronto CWT'!D12,AVERAGE('confronto CWT'!D$2:D$42),STDEV('confronto CWT'!D$2:D$42)) -> -0.66587756 | E12: =STANDARDIZE('confronto CWT'!E12,AVERAGE('confronto CWT'!E$2:E$42),STDEV('confronto CWT'!E$2:E$42)) -> 0.18319027 | F12: =STANDARDIZE('confronto CWT'!F12,AVERAGE('confronto CWT'!F$2:F$42),STDEV('confronto CWT'!F$2:F$42)) -> 0.30361306 | G12: =STANDARDIZE('confronto CWT'!G12,AVERAGE('confronto CWT'!G$2:G$42),STDEV('confronto CWT'!G$2:G$42)) -> 0.63157429 | H12: =STANDARDIZE('confronto CWT'!H12,AVERAGE('confronto CWT'!H$2:H$42),STDEV('confronto CWT'!H$2:H$42)) -> 1.4438171 | I12: =STANDARDIZE('confronto CWT'!I12,AVERAGE('confronto CWT'!I$2:I$42),STDEV('confronto CWT'!I$2:I$42)) -> -2.1252675 | ... K12: =STANDARDIZE('confronto CWT'!K12,AVERAGE('confronto CWT'!K$2:K$42),STDEV('confronto CWT'!K$2:K$42)) -> 0.75095112
A13: 43800 | B13: =STANDARDIZE('confronto CWT'!B13,AVERAGE('confronto CWT'!B$2:B$42),STDEV('confronto CWT'!B$2:B$42)) -> 0.11721868 | C13: =STANDARDIZE('confronto CWT'!C13,AVERAGE('confronto CWT'!C$2:C$42),STDEV('confronto CWT'!C$2:C$42)) -> 0.31030496 | D13: =STANDARDIZE('confronto CWT'!D13,AVERAGE('confronto CWT'!D$2:D$42),STDEV('confronto CWT'!D$2:D$42)) -> -0.43931536 | E13: =STANDARDIZE('confronto CWT'!E13,AVERAGE('confronto CWT'!E$2:E$42),STDEV('confronto CWT'!E$2:E$42)) -> 0.37109896 | F13: =STANDARDIZE('confronto CWT'!F13,AVERAGE('confronto CWT'!F$2:F$42),STDEV('confronto CWT'!F$2:F$42)) -> -0.45514761 | G13: =STANDARDIZE('confronto CWT'!G13,AVERAGE('confronto CWT'!G$2:G$42),STDEV('confronto CWT'!G$2:G$42)) -> -1.3393043 | H13: =STANDARDIZE('confronto CWT'!H13,AVERAGE('confronto CWT'!H$2:H$42),STDEV('confronto CWT'!H$2:H$42)) -> 0.80140815 | I13: =STANDARDIZE('confronto CWT'!I13,AVERAGE('confronto CWT'!I$2:I$42),STDEV('confronto CWT'!I$2:I$42)) -> -0.089983807 | ... K13: =STANDARDIZE('confronto CWT'!K13,AVERAGE('confronto CWT'!K$2:K$42),STDEV('confronto CWT'!K$2:K$42)) -> 0.87308703
... A42: 44682 | B42: =STANDARDIZE('confronto CWT'!B42,AVERAGE('confronto CWT'!B$2:B$42),STDEV('confronto CWT'!B$2:B$42)) -> -1.3586656 | C42: =STANDARDIZE('confronto CWT'!C42,AVERAGE('confronto CWT'!C$2:C$42),STDEV('confronto CWT'!C$2:C$42)) -> 0.5399863 | D42: =STANDARDIZE('confronto CWT'!D42,AVERAGE('confronto CWT'!D$2:D$42),STDEV('confronto CWT'!D$2:D$42)) -> 0.45062677 | E42: =STANDARDIZE('confronto CWT'!E42,AVERAGE('confronto CWT'!E$2:E$42),STDEV('confronto CWT'!E$2:E$42)) -> 0.087043822 | F42: =STANDARDIZE('confronto CWT'!F42,AVERAGE('confronto CWT'!F$2:F$42),STDEV('confronto CWT'!F$2:F$42)) -> 0.90371817 | G42: =STANDARDIZE('confronto CWT'!G42,AVERAGE('confronto CWT'!G$2:G$42),STDEV('confronto CWT'!G$2:G$42)) -> 0.90480157 | H42: =STANDARDIZE('confronto CWT'!H42,AVERAGE('confronto CWT'!H$2:H$42),STDEV('confronto CWT'!H$2:H$42)) -> -1.7088751 | I42: =STANDARDIZE('confronto CWT'!I42,AVERAGE('confronto CWT'!I$2:I$42),STDEV('confronto CWT'!I$2:I$42)) -> 0.60165903 | ... K42: =STANDARDIZE('confronto CWT'!K42,AVERAGE('confronto CWT'!K$2:K$42),STDEV('confronto CWT'!K$2:K$42)) -> 0.96747211
