Workbook

Sheet Sheet1
A1: month | B1: CWT_ID_corr
A2: 43466 | B2: -609.27462
A3: 43497 | B3: -367.93082
A4: 43525 | B4: -393.93327
A5: 43556 | B5: -242.05872
A6: 43586 | B6: -374.19707
A7: 43617 | B7: -185.58839
A8: 43647 | B8: 9.8342742
A9: 43678 | B9: -783.2619
A10: 43709 | B10: -562.68578
A11: 43739 | B11: -561.86368
A12: 43770 | B12: -599.67126
A13: 43800 | B13: -358.23904
... A42: 44682 | B42: -252.88233

Sheet Sheet2
A1: month | B1: GPRC_CHN | C1: CWT_ID | D1: CWT_ID_corr
A2: 43466 | B2: 0.92647684 | C2: -1502.7378 | D2: -609.27462
A3: 43497 | B3: 1.0716646 | C3: -919.17909 | D3: -367.93082 | G3: =CORREL(B2:B42,D2:D42) -> -0.015860127
A4: 43525 | B4: 0.77166933 | C4: -1078.229 | D4: -393.93327
A5: 43556 | B5: 0.55958456 | C5: -688.01242 | D5: -242.05872
A6: 43586 | B6: 1.1733861 | C6: -708.02479 | D6: -374.19707
A7: 43617 | B7: 1.2943308 | C7: -388.54425 | D7: -185.58839
A8: 43647 | B8: 0.75657022 | C8: 17.726654 | D8: 9.8342742
A9: 43678 | B9: 1.2167065 | C9: -1689.4182 | D9: -783.2619
A10: 43709 | B10: 0.72633862 | C10: -1356.2661 | D10: -562.68578
A11: 43739 | B11: 0.67266458 | C11: -1418.4384 | D11: -561.86368
A12: 43770 | B12: 0.60299295 | C12: -1522.6442 | D12: -599.67126
A13: 43800 | B13: 0.60188329 | C13: -929.74069 | D13: -358.23904
A14: 43831 | B14: 1.2574455 | C14: -2788.5626 | D14: -851.68738
A15: 43862 | B15: 0.87382966 | C15: -5495.2691 | D15: -1741.4114
... A42: 44682 | B42: 0.95703125 | C42: -684.63342 | D42: -252.88233

Sheet Sheet3
A1: month | B1: - GPRC_CHN | C1: CWT_stand | D1: CWT_corr_stand
A2: 43466 | B2: =-Sheet2!B2 -> -0.92647684 | C2: =STANDARDIZE(Sheet2!C2,AVERAGE(Sheet2!C$2:C$42),STDEV(Sheet2!C$2:C$42)) -> -0.22663031 | D2: =STANDARDIZE(Sheet2!D2,AVERAGE(Sheet2!D$2:D$42),STDEV(Sheet2!D$2:D$42)) -> -0.41926467 | F2: =CORREL(B2:B42,D2:D42) -> 0.015860127
A3: 43497 | B3: =-Sheet2!B3 -> -1.0716646 | C3: =STANDARDIZE(Sheet2!C3,AVERAGE(Sheet2!C$2:C$42),STDEV(Sheet2!C$2:C$42)) -> 0.32020187 | D3: =STANDARDIZE(Sheet2!D3,AVERAGE(Sheet2!D$2:D$42),STDEV(Sheet2!D$2:D$42)) -> 0.26082945
A4: 43525 | B4: =-Sheet2!B4 -> -0.77166933 | C4: =STANDARDIZE(Sheet2!C4,AVERAGE(Sheet2!C$2:C$42),STDEV(Sheet2!C$2:C$42)) -> 0.17116184 | D4: =STANDARDIZE(Sheet2!D4,AVERAGE(Sheet2!D$2:D$42),STDEV(Sheet2!D$2:D$42)) -> 0.18755592
A5: 43556 | B5: =-Sheet2!B5 -> -0.55958456 | C5: =STANDARDIZE(Sheet2!C5,AVERAGE(Sheet2!C$2:C$42),STDEV(Sheet2!C$2:C$42)) -> 0.53681995 | D5: =STANDARDIZE(Sheet2!D5,AVERAGE(Sheet2!D$2:D$42),STDEV(Sheet2!D$2:D$42)) -> 0.6155304
A6: 43586 | B6: =-Sheet2!B6 -> -1.1733861 | C6: =STANDARDIZE(Sheet2!C6,AVERAGE(Sheet2!C$2:C$42),STDEV(Sheet2!C$2:C$42)) -> 0.51806707 | D6: =STANDARDIZE(Sheet2!D6,AVERAGE(Sheet2!D$2:D$42),STDEV(Sheet2!D$2:D$42)) -> 0.24317147
A7: 43617 | B7: =-Sheet2!B7 -> -1.2943308 | C7: =STANDARDIZE(Sheet2!C7,AVERAGE(Sheet2!C$2:C$42),STDEV(Sheet2!C$2:C$42)) -> 0.81744095 | D7: =STANDARDIZE(Sheet2!D7,AVERAGE(Sheet2!D$2:D$42),STDEV(Sheet2!D$2:D$42)) -> 0.77466079
A8: 43647 | B8: =-Sheet2!B8 -> -0.75657022 | C8: =STANDARDIZE(Sheet2!C8,AVERAGE(Sheet2!C$2:C$42),STDEV(Sheet2!C$2:C$42)) -> 1.198143 | D8: =STANDARDIZE(Sheet2!D8,AVERAGE(Sheet2!D$2:D$42),STDEV(Sheet2!D$2:D$42)) -> 1.3253516
A9: 43678 | B9: =-Sheet2!B9 -> -1.2167065 | C9: =STANDARDIZE(Sheet2!C9,AVERAGE(Sheet2!C$2:C$42),STDEV(Sheet2!C$2:C$42)) -> -0.40156186 | D9: =STANDARDIZE(Sheet2!D9,AVERAGE(Sheet2!D$2:D$42),STDEV(Sheet2!D$2:D$42)) -> -0.90955166
A10: 43709 | B10: =-Sheet2!B10 -> -0.72633862 | C10: =STANDARDIZE(Sheet2!C10,AVERAGE(Sheet2!C$2:C$42),STDEV(Sheet2!C$2:C$42)) -> -0.089376819 | D10: =STANDARDIZE(Sheet2!D10,AVERAGE(Sheet2!D$2:D$42),STDEV(Sheet2!D$2:D$42)) -> -0.28797977
A11: 43739 | B11: =-Sheet2!B11 -> -0.67266458 | C11: =STANDARDIZE(Sheet2!C11,AVERAGE(Sheet2!C$2:C$42),STDEV(Sheet2!C$2:C$42)) -> -0.14763633 | D11: =STANDARDIZE(Sheet2!D11,AVERAGE(Sheet2!D$2:D$42),STDEV(Sheet2!D$2:D$42)) -> -0.28566312
A12: 43770 | B12: =-Sheet2!B12 -> -0.60299295 | C12: =STANDARDIZE(Sheet2!C12,AVERAGE(Sheet2!C$2:C$42),STDEV(Sheet2!C$2:C$42)) -> -0.24528386 | D12: =STANDARDIZE(Sheet2!D12,AVERAGE(Sheet2!D$2:D$42),STDEV(Sheet2!D$2:D$42)) -> -0.3922029
A13: 43800 | B13: =-Sheet2!B13 -> -0.60188329 | C13: =STANDARDIZE(Sheet2!C13,AVERAGE(Sheet2!C$2:C$42),STDEV(Sheet2!C$2:C$42)) -> 0.31030496 | D13: =STANDARDIZE(Sheet2!D13,AVERAGE(Sheet2!D$2:D$42),STDEV(Sheet2!D$2:D$42)) -> 0.28814037
A14: 43831 | B14: =-Sheet2!B14 -> -1.2574455 | C14: =STANDARDIZE(Sheet2!C14,AVERAGE(Sheet2!C$2:C$42),STDEV(Sheet2!C$2:C$42)) -> -1.4315311 | D14: =STANDARDIZE(Sheet2!D14,AVERAGE(Sheet2!D$2:D$42),STDEV(Sheet2!D$2:D$42)) -> -1.1023711
... A42: 44682 | B42: =-Sheet2!B42 -> -0.95703125 | C42: =STANDARDIZE(Sheet2!C42,AVERAGE(Sheet2!C$2:C$42),STDEV(Sheet2!C$2:C$42)) -> 0.5399863 | D42: =STANDARDIZE(Sheet2!D42,AVERAGE(Sheet2!D$2:D$42),STDEV(Sheet2!D$2:D$42)) -> 0.58503001
