Workbook

Sheet PREZZI
A1: RSMICEX | C1: =_xll.Thomson.Reuters.AFOSpreadsheetFormulas.DSGRID(PREZZI!$A$1:$A$17," ","2018-12-31","2022-05-31","D","RowHeader=true;ColHeader=true;DispSeriesDescription=false;YearlyTSFormat=false;QuarterlyTSFormat=false","") -> #NAME? | D1: MOEX RUSSIA INDEX - PRICE INDEX | E1: MSCI CHINA - PRICE INDEX | F1: MSCI TURKEY - PRICE INDEX | G1: MSCI KOREA - PRICE INDEX | H1: MSCI INDIA - PRICE INDEX | I1: MSCI SAUDI ARABIA - PRICE INDEX | J1: MSCI TAIWAN - PRICE INDEX | K1: MSCI MEXICO - PRICE INDEX | L1: MSCI BRAZIL - PRICE INDEX | M1: MSCI SOUTH AFRICA - PRICE INDEX | N1: MSCI AC WORLD - PRICE INDEX | O1: ICE BofA Euro Government Index - Price Rate of RI | P1: ICE BofA US Treasury Index - Price Rate of RI | Q1: WORLD-DS Market - PRICE INDEX | R1: US BENCHMARK 10 YEAR DS GOVT. INDEX - CLEAN PRICE INDEX | S1: BD BENCHMARK 10 YEAR DS GOVT. INDEX - CLEAN PRICE INDEX | T1: ICE BofA 1-5 Year Global Government Index - Price Rate of RI
A2: MSCHINL | C2: 43465 | D2: 2358.5 | E2: 70.998 | F2: 1252097.8 | G2: 604.051 | H2: 1262.724 | I2: 994.301 | J2: 358.447 | K2: 38719.154 | L2: 2.8891923e+11 | M2: 1312.967 | N2: 532.098 | O2: 123.345 | P2: 142.405 | Q2: 1809.23 | R2: 144.832 | S2: 178.506 | T2: 87.552
A3: MSTURKL | C3: 43466 | D3: 2358.5 | E3: 70.998 | F3: 1252097.8 | G3: 604.051 | H3: 1266.288 | I3: 991.23 | J3: 358.447 | K3: 38719.154 | L3: 2.8891923e+11 | M3: 1312.967 | N3: 532.122 | O3: 123.345 | P3: 142.405 | Q3: 1809.32 | R3: 144.832 | S3: 178.506 | T3: 87.552
A4: MSKOREL | C4: 43467 | D4: 2358.5 | E4: 69.436 | F4: 1216214.6 | G4: 595.086 | H4: 1252.146 | I4: 991.173 | J4: 351.034 | K4: 39349.317 | L4: 2.9921649e+11 | M4: 1276.633 | N4: 531.36 | O4: 123.717 | P4: 142.645 | Q4: 1802.67 | R4: 145.203 | S4: 179.794 | T4: 87.569
A5: MSINDIL | C5: 43468 | D5: 2375.6 | E5: 68.473 | F5: 1198562.9 | G5: 588.505 | H5: 1237.948 | I5: 998.095 | J5: 347.825 | K5: 39168.749 | L5: 3.0115093e+11 | M5: 1289.847 | N5: 523.086 | O5: 123.376 | P5: 143.568 | Q5: 1785.02 | R5: 146.534 | S5: 180.114 | T5: 87.679
A6: MSSAUDL | C6: 43469 | D6: 2406.5 | E6: 70.422 | F6: 1218763.4 | G6: 592.323 | H6: 1243.221 | I6: 998.095 | J6: 342.052 | K6: 39488.878 | L6: 3.0177691e+11 | M6: 1307.238 | N6: 535.891 | O6: 123.081 | P6: 142.724 | Q6: 1825.32 | R6: 145.225 | S6: 179.168 | T6: 87.568
A7: MSTAIWL | C7: 43472 | D7: 2406.5 | E7: 71.431 | F7: 1235485.8 | G7: 602.15 | H7: 1248.253 | I7: 1028.895 | J7: 350.408 | K7: 39837.648 | L7: 301650258917 | M7: 1298.28 | N7: 539.939 | O7: 122.891 | P7: 142.557 | Q7: 1843.22 | R7: 144.941 | S7: 179.016 | T7: 87.508
A8: MSMEXFL | C8: 43473 | D8: 2389.69 | E8: 71.666 | F8: 1247272 | G8: 596.726 | H8: 1251.632 | I8: 1028.514 | J8: 349.039 | K8: 40538.719 | L8: 3.02847e+11 | M8: 1297.688 | N8: 544.163 | O8: 122.739 | P8: 142.274 | Q8: 1854.56 | R8: 144.527 | S8: 178.777 | T8: 87.423
A9: MSBRAZL | C9: 43474 | D9: 2414.13 | E9: 73.5 | F9: 1251939.3 | G9: 611.845 | H9: 1257.444 | I9: 1042.135 | J9: 356.092 | K9: 40665.125 | L9: 3.0810581e+11 | M9: 1330.411 | N9: 548.32 | O9: 122.976 | P9: 142.158 | Q9: 1872.95 | R9: 144.745 | S9: 179.023 | T9: 87.453
A10: MSSARFL | C10: 43475 | D10: 2434.15 | E10: 73.814 | F10: 1252860.4 | G10: 612.132 | H10: 1256.173 | I10: 1053.988 | J10: 355.683 | K10: 40653.405 | L10: 3.0855669e+11 | M10: 1334.575 | N10: 550.008 | O10: 123.112 | P10: 142.045 | Q10: 1878.7 | R10: 144.701 | S10: 179.327 | T10: 87.453
A11: MSACWFL | C11: 43476 | D11: 2444.45 | E11: 74.014 | F11: 1261975.7 | G11: 616.22 | H11: 1252.311 | I11: 1053.988 | J11: 358.421 | K11: 40459.65 | L11: 3.0797027e+11 | M11: 1345.21 | N11: 550.353 | O11: 123.249 | P11: 142.267 | Q11: 1879.3 | R11: 145.095 | S11: 179.594 | T11: 87.488
A12: MLDGVCL | C12: 43479 | D12: 2440.15 | E12: 72.834 | F12: 1268447 | G12: 610.534 | H12: 1247.372 | I12: 1063.038 | J12: 355.991 | K12: 40426.14 | L12: 3.1049372e+11 | M12: 1340.587 | N12: 547.468 | O12: 123.429 | P12: 142.14 | Q12: 1869.89 | R12: 145.007 | S12: 179.64 | T12: 87.504
A13: MLTRSML | C13: 43480 | D13: 2439.55 | E13: 74.383 | F13: 1286177.5 | G13: 623.047 | H13: 1266.588 | I13: 1074.169 | J13: 360.032 | K13: 40472.135 | L13: 3.09178e+11 | M13: 1345.639 | N13: 552.62 | O13: 123.5 | P13: 142.106 | Q13: 1883.53 | R13: 144.854 | S13: 180.076 | T13: 87.512
... A17: MLGG4YL | C17: 43486 | D17: 2468.25 | E17: 76.295 | F17: 1359611.6 | G17: 634.365 | H17: 1272.611 | I17: 1080.768 | J17: 362.809 | K17: 40951.352 | L17: 315559994284 | M17: 1358.115 | N17: 563.84 | O17: 123.443 | P17: 141.597 | Q17: 1912.27 | R17: 143.937 | S17: 179.18 | T17: 87.421
C18: 43487 | D18: 2468.73 | E18: 75.052 | F18: 1383131.7 | G18: 631.101 | H18: 1269.336 | I18: 1080.87 | J18: 363.794 | K18: 40636.009 | L18: 3.1262924e+11 | M18: 1360.117 | N18: 557.907 | O18: 123.631 | P18: 142.006 | Q18: 1895.06 | R18: 144.548 | S18: 179.631 | T18: 87.476
C19: 43488 | D19: 2491.49 | E19: 75.063 | F19: 1387807.5 | G19: 632.556 | H19: 1261.761 | I19: 1089.892 | J19: 361.056 | K19: 40614.732 | L19: 3.170714e+11 | M19: 1350.779 | N19: 557.971 | O19: 123.694 | P19: 141.851 | Q19: 1896.56 | R19: 144.264 | S19: 179.794 | T19: 87.453
C20: 43489 | D20: 2482.71 | E20: 75.643 | F20: 1408456.2 | G20: 640.575 | H20: 1265.552 | I20: 1084.041 | J20: 362.627 | K20: 40478.474 | L20: 3.2068007e+11 | M20: 1345.73 | N20: 559.299 | O20: 124.171 | P20: 142.205 | Q20: 1901.88 | R20: 144.789 | S20: 180.582 | T20: 87.508
C21: 43490 | D21: 2498.23 | E21: 77.188 | F21: 1405243.5 | G21: 653.243 | H21: 1256.956 | I21: 1084.041 | J21: 367.162 | K21: 40586.825 | L21: 3.2068007e+11 | M21: 1357.408 | N21: 563.929 | O21: 124.183 | P21: 141.896 | Q21: 1919.15 | R21: 144.308 | S21: 180.256 | T21: 87.464
C22: 43493 | D22: 2476.81 | E22: 77.031 | F22: 1398055.6 | G22: 653.013 | H22: 1241.441 | I22: 1105.131 | J22: 368.919 | K22: 40591.338 | L22: 3.1353182e+11 | M22: 1344.033 | N22: 560.16 | O22: 124.072 | P22: 141.939 | Q22: 1910.54 | R22: 144.439 | S22: 180.111 | T22: 87.467
C23: 43494 | D23: 2498.35 | E23: 76.842 | F23: 1439360.9 | G23: 656.79 | H23: 1241.478 | I23: 1099.925 | J23: 364.782 | K23: 40672.281 | L23: 313679902870 | M23: 1363.62 | N23: 560.535 | O23: 124.128 | P23: 142.162 | Q23: 1912.5 | R23: 144.81 | S23: 180.255 | T23: 87.494
C24: 43495 | D24: 2511.86 | E24: 77.804 | F24: 1441608.4 | G24: 665.401 | H24: 1240.834 | I24: 1099.56 | J24: 364.428 | K24: 40652.275 | L24: 3.1788185e+11 | M24: 1347.505 | N24: 566.322 | O24: 124.172 | P24: 142.271 | Q24: 1928.3 | R24: 145.007 | S24: 180.459 | T24: 87.536
C25: 43496 | D25: 2521.1 | E25: 78.93 | F25: 1436970.3 | G25: 664.15 | H25: 1260.789 | I25: 1097.118 | J25: 364.428 | K25: 41065.108 | L25: 3.1956811e+11 | M25: 1358.288 | N25: 570.062 | O25: 124.438 | P25: 142.769 | Q25: 1946.9 | R25: 145.75 | S25: 180.964 | T25: 87.61
C26: 43497 | D26: 2521.7 | E26: 79.204 | F26: 1420923.7 | G26: 663.902 | H26: 1272.222 | I26: 1097.118 | J26: 364.428 | K26: 40852.766 | L26: 3.212295e+11 | M26: 1344.351 | N26: 570.895 | O26: 124.08 | P26: 142.367 | Q26: 1947.98 | R26: 145.05 | S26: 180.759 | T26: 87.527
C27: 43500 | D27: 2523.52 | E27: 79.162 | F27: 1413683.9 | G27: 663.902 | H27: 1272.504 | I27: 1094.056 | J27: 364.428 | K27: 40852.766 | L27: 3.2373341e+11 | M27: 1324.024 | N27: 573.555 | O27: 123.946 | P27: 142.114 | Q27: 1952.46 | R27: 144.657 | S27: 180.514 | T27: 87.484
C28: 43501 | D28: 2547.27 | E28: 79.672 | F28: 1417715 | G28: 663.902 | H28: 1274.377 | I28: 1109.469 | J28: 364.428 | K28: 41417.309 | L28: 3.2229664e+11 | M28: 1348.008 | N28: 577.572 | O28: 123.884 | P28: 142.308 | Q28: 1964.08 | R28: 144.898 | S28: 180.77 | T28: 87.494
C29: 43502 | D29: 2539.73 | E29: 79.548 | F29: 1417473.8 | G29: 663.902 | H29: 1289.996 | I29: 1112.65 | J29: 364.428 | K29: 40940.532 | L29: 3.1043567e+11 | M29: 1357.614 | N29: 576.727 | O29: 123.797 | P29: 142.303 | Q29: 1959.58 | R29: 144.941 | S29: 180.757 | T29: 87.489
... C893: 44712 | D893: 2355.75 | E893: 70.037 | F893: 2785927.9 | G893: 814.529 | H893: 1924.731 | I893: 1541.401 | J893: 657.274 | K893: 48407.984 | L893: 3.1642989e+11 | M893: 1519.847 | N893: 776.232 | O893: 111.862 | P893: 137.418 | Q893: 2492.01 | R893: 146.608 | S893: 167.393 | T893: 83.866

Sheet REND
A1: datetime | B1: MOEX RUSSIA INDEX - PRICE INDEX | C1: MSCI CHINA - PRICE INDEX | D1: MSCI TURKEY - PRICE INDEX | E1: MSCI KOREA - PRICE INDEX | F1: MSCI INDIA - PRICE INDEX | G1: MSCI SAUDI ARABIA - PRICE INDEX | H1: MSCI TAIWAN - PRICE INDEX | I1: MSCI MEXICO - PRICE INDEX | J1: MSCI BRAZIL - PRICE INDEX | K1: MSCI SOUTH AFRICA - PRICE INDEX | L1: MSCI AC WORLD - PRICE INDEX | M1: ICE BofA Euro Government Index - Price Rate of RI | N1: ICE BofA US Treasury Index - Price Rate of RI | O1: WORLD-DS Market - PRICE INDEX | P1: US BENCHMARK 10 YEAR DS GOVT. INDEX - CLEAN PRICE INDEX | Q1: BD BENCHMARK 10 YEAR DS GOVT. INDEX - CLEAN PRICE INDEX | R1: ICE BofA 1-5 Year Global Government Index - Price Rate of RI
A2: 43466 | B2: =LN(PREZZI!D3/PREZZI!D2) -> 0 | C2: =LN(PREZZI!E3/PREZZI!E2) -> 0 | D2: =LN(PREZZI!F3/PREZZI!F2) -> 0 | E2: =LN(PREZZI!G3/PREZZI!G2) -> 0 | F2: =LN(PREZZI!H3/PREZZI!H2) -> 0.0028184938 | G2: =LN(PREZZI!I3/PREZZI!I2) -> -0.0030933815 | H2: =LN(PREZZI!J3/PREZZI!J2) -> 0 | I2: =LN(PREZZI!K3/PREZZI!K2) -> 0 | ... R2: =LN(PREZZI!T3/PREZZI!T2) -> 0
A3: 43467 | B3: =LN(PREZZI!D4/PREZZI!D3) -> 0 | C3: =LN(PREZZI!E4/PREZZI!E3) -> -0.022246243 | D3: =LN(PREZZI!F4/PREZZI!F3) -> -0.029077128 | E3: =LN(PREZZI!G4/PREZZI!G3) -> -0.014952699 | F3: =LN(PREZZI!H4/PREZZI!H3) -> -0.011230907 | G3: =LN(PREZZI!I4/PREZZI!I3) -> -5.7505966e-05 | H3: =LN(PREZZI!J4/PREZZI!J3) -> -0.020897726 | I3: =LN(PREZZI!K4/PREZZI!K3) -> 0.016144205 | ... R3: =LN(PREZZI!T4/PREZZI!T3) -> 0.00019415147
A4: 43468 | B4: =LN(PREZZI!D5/PREZZI!D4) -> 0.0072242134 | C4: =LN(PREZZI!E5/PREZZI!E4) -> -0.013965958 | D4: =LN(PREZZI!F5/PREZZI!F4) -> -0.014620012 | E4: =LN(PREZZI!G5/PREZZI!G4) -> -0.01112051 | F4: =LN(PREZZI!H5/PREZZI!H4) -> -0.011403709 | G4: =LN(PREZZI!I5/PREZZI!I4) -> 0.0069593719 | H4: =LN(PREZZI!J5/PREZZI!J4) -> -0.0091836051 | I4: =LN(PREZZI!K5/PREZZI!K4) -> -0.0045994082 | ... R4: =LN(PREZZI!T5/PREZZI!T4) -> 0.001255364 | T4: RISK FREE
A5: 43469 | B5: =LN(PREZZI!D6/PREZZI!D5) -> 0.012923373 | C5: =LN(PREZZI!E6/PREZZI!E5) -> 0.028066207 | D5: =LN(PREZZI!F6/PREZZI!F5) -> 0.016713517 | E5: =LN(PREZZI!G6/PREZZI!G5) -> 0.0064666714 | F5: =LN(PREZZI!H6/PREZZI!H5) -> 0.0042504222 | G5: =LN(PREZZI!I6/PREZZI!I5) -> 0 | H5: =LN(PREZZI!J6/PREZZI!J5) -> -0.016736707 | I5: =LN(PREZZI!K6/PREZZI!K5) -> 0.0081398532 | ... R5: =LN(PREZZI!T6/PREZZI!T5) -> -0.0012667836
A6: 43472 | B6: =LN(PREZZI!D7/PREZZI!D6) -> 0 | C6: =LN(PREZZI!E7/PREZZI!E6) -> 0.014226234 | D6: =LN(PREZZI!F7/PREZZI!F6) -> 0.013627523 | E6: =LN(PREZZI!G7/PREZZI!G6) -> 0.01645449 | F6: =LN(PREZZI!H7/PREZZI!H6) -> 0.0040393814 | G6: =LN(PREZZI!I7/PREZZI!I6) -> 0.030392228 | H6: =LN(PREZZI!J7/PREZZI!J6) -> 0.024135418 | I6: =LN(PREZZI!K7/PREZZI!K6) -> 0.0087933322 | ... R6: =LN(PREZZI!T7/PREZZI!T6) -> -0.00068541665
A7: 43473 | B7: =LN(PREZZI!D8/PREZZI!D7) -> -0.0070097593 | C7: =LN(PREZZI!E8/PREZZI!E7) -> 0.0032844883 | D7: =LN(PREZZI!F8/PREZZI!F7) -> 0.0094944481 | E7: =LN(PREZZI!G8/PREZZI!G7) -> -0.0090485371 | F7: =LN(PREZZI!H8/PREZZI!H7) -> 0.002703326 | G7: =LN(PREZZI!I8/PREZZI!I7) -> -0.00037036875 | H7: =LN(PREZZI!J8/PREZZI!J7) -> -0.003914526 | I7: =LN(PREZZI!K8/PREZZI!K7) -> 0.017445147 | ... R7: =LN(PREZZI!T8/PREZZI!T7) -> -0.00097181182
A8: 43474 | B8: =LN(PREZZI!D9/PREZZI!D8) -> 0.010175323 | C8: =LN(PREZZI!E9/PREZZI!E8) -> 0.025268969 | D8: =LN(PREZZI!F9/PREZZI!F8) -> 0.0037350324 | E8: =LN(PREZZI!G9/PREZZI!G8) -> 0.025020936 | F8: =LN(PREZZI!H9/PREZZI!H8) -> 0.0046327894 | G8: =LN(PREZZI!I9/PREZZI!I8) -> 0.013156451 | H8: =LN(PREZZI!J9/PREZZI!J8) -> 0.020005461 | I8: =LN(PREZZI!K9/PREZZI!K8) -> 0.0031133034 | ... R8: =LN(PREZZI!T9/PREZZI!T8) -> 0.00034310026
A9: 43475 | B9: =LN(PREZZI!D10/PREZZI!D9) -> 0.0082586459 | C9: =LN(PREZZI!E10/PREZZI!E9) -> 0.0042630093 | D9: =LN(PREZZI!F10/PREZZI!F9) -> 0.00073550077 | E9: =LN(PREZZI!G10/PREZZI!G9) -> 0.00046896307 | F9: =LN(PREZZI!H10/PREZZI!H9) -> -0.0010112918 | G9: =LN(PREZZI!I10/PREZZI!I9) -> 0.011309571 | H9: =LN(PREZZI!J10/PREZZI!J9) -> -0.0011492397 | I9: =LN(PREZZI!K10/PREZZI!K9) -> -0.00028824919 | ... R9: =LN(PREZZI!T10/PREZZI!T9) -> 0
A10: 43476 | B10: =LN(PREZZI!D11/PREZZI!D10) -> 0.0042225291 | C10: =LN(PREZZI!E11/PREZZI!E10) -> 0.002705849 | D10: =LN(PREZZI!F11/PREZZI!F10) -> 0.0072492128 | E10: =LN(PREZZI!G11/PREZZI!G10) -> 0.0066560971 | F10: =LN(PREZZI!H11/PREZZI!H10) -> -0.003079153 | G10: =LN(PREZZI!I11/PREZZI!I10) -> 0 | H10: =LN(PREZZI!J11/PREZZI!J10) -> 0.0076683884 | I10: =LN(PREZZI!K11/PREZZI!K10) -> -0.0047774151 | ... R10: =LN(PREZZI!T11/PREZZI!T10) -> 0.00040013491
A11: 43479 | B11: =LN(PREZZI!D12/PREZZI!D11) -> -0.0017606359 | C11: =LN(PREZZI!E12/PREZZI!E11) -> -0.016071385 | D11: =LN(PREZZI!F12/PREZZI!F11) -> 0.0051148633 | E11: =LN(PREZZI!G12/PREZZI!G11) -> -0.0092700586 | F11: =LN(PREZZI!H12/PREZZI!H11) -> -0.0039517062 | G11: =LN(PREZZI!I12/PREZZI!I11) -> 0.0085497817 | H11: =LN(PREZZI!J12/PREZZI!J11) -> -0.0068028235 | I11: =LN(PREZZI!K12/PREZZI!K11) -> -0.00082857575 | ... R11: =LN(PREZZI!T12/PREZZI!T11) -> 0.0001828655
A12: 43480 | B12: =LN(PREZZI!D13/PREZZI!D12) -> -0.00024591676 | C12: =LN(PREZZI!E13/PREZZI!E12) -> 0.021044542 | D12: =LN(PREZZI!F13/PREZZI!F12) -> 0.013881331 | E12: =LN(PREZZI!G13/PREZZI!G12) -> 0.020287973 | F12: =LN(PREZZI!H13/PREZZI!H12) -> 0.015287733 | G12: =LN(PREZZI!I13/PREZZI!I12) -> 0.010416493 | H12: =LN(PREZZI!J13/PREZZI!J12) -> 0.011287467 | I12: =LN(PREZZI!K13/PREZZI!K12) -> 0.0011371072 | ... R12: =LN(PREZZI!T13/PREZZI!T12) -> 9.1420213e-05
A13: 43481 | B13: =LN(PREZZI!D14/PREZZI!D13) -> -0.0020311241 | C13: =LN(PREZZI!E14/PREZZI!E13) -> 0.0089404613 | D13: =LN(PREZZI!F14/PREZZI!F13) -> 0.030535503 | E13: =LN(PREZZI!G14/PREZZI!G13) -> 0.0059672627 | F13: =LN(PREZZI!H14/PREZZI!H13) -> 0.00070716226 | G13: =LN(PREZZI!I14/PREZZI!I13) -> 0.0075419909 | H13: =LN(PREZZI!J14/PREZZI!J13) -> -0.0065122484 | I13: =LN(PREZZI!K14/PREZZI!K13) -> 0.0050197559 | ... R13: =LN(PREZZI!T14/PREZZI!T13) -> -0.00010284833
A14: 43482 | B14: =LN(PREZZI!D15/PREZZI!D14) -> 0.005341823 | C14: =LN(PREZZI!E15/PREZZI!E14) -> -0.0030692882 | D14: =LN(PREZZI!F15/PREZZI!F14) -> 0.015743682 | E14: =LN(PREZZI!G15/PREZZI!G14) -> 0.0034816215 | F14: =LN(PREZZI!H15/PREZZI!H14) -> 0.00079732526 | G14: =LN(PREZZI!I15/PREZZI!I14) -> 0.0053915143 | H14: =LN(PREZZI!J15/PREZZI!J14) -> 0.0048971995 | I14: =LN(PREZZI!K15/PREZZI!K14) -> 0.0029545889 | ... R14: =LN(PREZZI!T15/PREZZI!T14) -> -0.00030860846
A15: 43483 | B15: =LN(PREZZI!D16/PREZZI!D15) -> 0.010554327 | C15: =LN(PREZZI!E16/PREZZI!E15) -> 0.014831792 | D15: =LN(PREZZI!F16/PREZZI!F15) -> 0.017152026 | E15: =LN(PREZZI!G16/PREZZI!G15) -> 0.0071433798 | F15: =LN(PREZZI!H16/PREZZI!H15) -> -0.00085413232 | G15: =LN(PREZZI!I16/PREZZI!I15) -> 0 | H15: =LN(PREZZI!J16/PREZZI!J15) -> 0.0030278137 | I15: =LN(PREZZI!K16/PREZZI!K15) -> 0.0081959917 | ... R15: =LN(PREZZI!T16/PREZZI!T15) -> -0.00054887254
A16: 43486 | B16: =LN(PREZZI!D17/PREZZI!D16) -> -0.0021692246 | C16: =LN(PREZZI!E17/PREZZI!E16) -> 0.0046770189 | D16: =LN(PREZZI!F17/PREZZI!F16) -> -0.0079068352 | E16: =LN(PREZZI!G17/PREZZI!G16) -> 0.0014102773 | F16: =LN(PREZZI!H17/PREZZI!H16) -> 0.0040936694 | G16: =LN(PREZZI!I17/PREZZI!I16) -> -0.006808945 | H16: =LN(PREZZI!J17/PREZZI!J16) -> 0.0062708438 | I16: =LN(PREZZI!K17/PREZZI!K16) -> -0.0043992235 | ... R16: =LN(PREZZI!T17/PREZZI!T16) -> -8.0069088e-05
... A892: 44712 | B892: =LN(PREZZI!D893/PREZZI!D892) -> -0.018772076 | C892: =LN(PREZZI!E893/PREZZI!E892) -> 0.0246894 | D892: =LN(PREZZI!F893/PREZZI!F892) -> 0.0063893691 | E892: =LN(PREZZI!G893/PREZZI!G892) -> 0.0061759645 | F892: =LN(PREZZI!H893/PREZZI!H892) -> -0.0038331806 | G892: =LN(PREZZI!I893/PREZZI!I892) -> 0.0034762548 | H892: =LN(PREZZI!J893/PREZZI!J892) -> 0.016326718 | I892: =LN(PREZZI!K893/PREZZI!K892) -> -0.0078565363 | ... R892: =LN(PREZZI!T893/PREZZI!T892) -> -0.0014536445

Sheet ExREND
A1: datetime | B1: MOEX RUSSIA INDEX - PRICE INDEX | C1: MSCI CHINA - PRICE INDEX | D1: MSCI TURKEY - PRICE INDEX | E1: MSCI KOREA - PRICE INDEX | F1: MSCI INDIA - PRICE INDEX | G1: MSCI SAUDI ARABIA - PRICE INDEX | H1: MSCI TAIWAN - PRICE INDEX | I1: MSCI MEXICO - PRICE INDEX | J1: MSCI BRAZIL - PRICE INDEX | K1: MSCI SOUTH AFRICA - PRICE INDEX | L1: MSCI AC WORLD - PRICE INDEX
A2: 43466 | B2: =REND!B2-REND!$P2 -> 0 | C2: =REND!C2-REND!$P2 -> 0 | D2: =REND!D2-REND!$P2 -> 0 | E2: =REND!E2-REND!$P2 -> 0 | F2: =REND!F2-REND!$P2 -> 0.0028184938 | G2: =REND!G2-REND!$P2 -> -0.0030933815 | H2: =REND!H2-REND!$P2 -> 0 | I2: =REND!I2-REND!$P2 -> 0 | ... L2: =REND!L2-REND!$P2 -> 4.5103456e-05
A3: 43467 | B3: =REND!B3-REND!$P3 -> -0.0025583133 | C3: =REND!C3-REND!$P3 -> -0.024804556 | D3: =REND!D3-REND!$P3 -> -0.031635442 | E3: =REND!E3-REND!$P3 -> -0.017511012 | F3: =REND!F3-REND!$P3 -> -0.01378922 | G3: =REND!G3-REND!$P3 -> -0.0026158193 | H3: =REND!H3-REND!$P3 -> -0.023456039 | I3: =REND!I3-REND!$P3 -> 0.013585891 | ... L3: =REND!L3-REND!$P3 -> -0.0039913421
A4: 43468 | B4: =REND!B4-REND!$P4 -> -0.0019005067 | C4: =REND!C4-REND!$P4 -> -0.023090678 | D4: =REND!D4-REND!$P4 -> -0.023744732 | E4: =REND!E4-REND!$P4 -> -0.02024523 | F4: =REND!F4-REND!$P4 -> -0.020528429 | G4: =REND!G4-REND!$P4 -> -0.0021653482 | H4: =REND!H4-REND!$P4 -> -0.018308325 | I4: =REND!I4-REND!$P4 -> -0.013724128 | ... L4: =REND!L4-REND!$P4 -> -0.024818591
A5: 43469 | B5: =REND!B5-REND!$P5 -> 0.021896592 | C5: =REND!C5-REND!$P5 -> 0.037039427 | D5: =REND!D5-REND!$P5 -> 0.025686737 | E5: =REND!E5-REND!$P5 -> 0.015439891 | F5: =REND!F5-REND!$P5 -> 0.013223642 | G5: =REND!G5-REND!$P5 -> 0.0089732196 | H5: =REND!H5-REND!$P5 -> -0.0077634879 | I5: =REND!I5-REND!$P5 -> 0.017113073 | ... L5: =REND!L5-REND!$P5 -> 0.033158115
A6: 43472 | B6: =REND!B6-REND!$P6 -> 0.0019575008 | C6: =REND!C6-REND!$P6 -> 0.016183735 | D6: =REND!D6-REND!$P6 -> 0.015585024 | E6: =REND!E6-REND!$P6 -> 0.01841199 | F6: =REND!F6-REND!$P6 -> 0.0059968822 | G6: =REND!G6-REND!$P6 -> 0.032349728 | H6: =REND!H6-REND!$P6 -> 0.026092918 | I6: =REND!I6-REND!$P6 -> 0.010750833 | ... L6: =REND!L6-REND!$P6 -> 0.0094828888
A7: 43473 | B7: =REND!B7-REND!$P7 -> -0.0041493376 | C7: =REND!C7-REND!$P7 -> 0.0061449101 | D7: =REND!D7-REND!$P7 -> 0.01235487 | E7: =REND!E7-REND!$P7 -> -0.0061881154 | F7: =REND!F7-REND!$P7 -> 0.0055637478 | G7: =REND!G7-REND!$P7 -> 0.002490053 | H7: =REND!H7-REND!$P7 -> -0.0010541043 | I7: =REND!I7-REND!$P7 -> 0.020305569 | ... L7: =REND!L7-REND!$P7 -> 0.010653086
A8: 43474 | B8: =REND!B8-REND!$P8 -> 0.0086680911 | C8: =REND!C8-REND!$P8 -> 0.023761737 | D8: =REND!D8-REND!$P8 -> 0.0022278001 | E8: =REND!E8-REND!$P8 -> 0.023513704 | F8: =REND!F8-REND!$P8 -> 0.0031255572 | G8: =REND!G8-REND!$P8 -> 0.011649219 | H8: =REND!H8-REND!$P8 -> 0.018498228 | I8: =REND!I8-REND!$P8 -> 0.0016060712 | ... L8: =REND!L8-REND!$P8 -> 0.0061029916
A9: 43475 | B9: =REND!B9-REND!$P9 -> 0.0085626749 | C9: =REND!C9-REND!$P9 -> 0.0045670384 | D9: =REND!D9-REND!$P9 -> 0.0010395298 | E9: =REND!E9-REND!$P9 -> 0.00077299215 | F9: =REND!F9-REND!$P9 -> -0.0007072627 | G9: =REND!G9-REND!$P9 -> 0.0116136 | H9: =REND!H9-REND!$P9 -> -0.00084521063 | I9: =REND!I9-REND!$P9 -> 1.5779892e-05 | ... L9: =REND!L9-REND!$P9 -> 0.0033777945
A10: 43476 | B10: =REND!B10-REND!$P10 -> 0.0015033733 | C10: =REND!C10-REND!$P10 -> -1.3306852e-05 | D10: =REND!D10-REND!$P10 -> 0.004530057 | E10: =REND!E10-REND!$P10 -> 0.0039369413 | F10: =REND!F10-REND!$P10 -> -0.0057983089 | G10: =REND!G10-REND!$P10 -> -0.0027191558 | H10: =REND!H10-REND!$P10 -> 0.0049492326 | I10: =REND!I10-REND!$P10 -> -0.007496571 | ... L10: =REND!L10-REND!$P10 -> -0.0020920889
A11: 43479 | B11: =REND!B11-REND!$P11 -> -0.0011539527 | C11: =REND!C11-REND!$P11 -> -0.015464702 | D11: =REND!D11-REND!$P11 -> 0.0057215465 | E11: =REND!E11-REND!$P11 -> -0.0086633754 | F11: =REND!F11-REND!$P11 -> -0.003345023 | G11: =REND!G11-REND!$P11 -> 0.0091564649 | H11: =REND!H11-REND!$P11 -> -0.0061961403 | I11: =REND!I11-REND!$P11 -> -0.00022189256 | ... L11: =REND!L11-REND!$P11 -> -0.0046491949
A12: 43480 | B12: =REND!B12-REND!$P12 -> 0.00080976175 | C12: =REND!C12-REND!$P12 -> 0.02210022 | D12: =REND!D12-REND!$P12 -> 0.01493701 | E12: =REND!E12-REND!$P12 -> 0.021343652 | F12: =REND!F12-REND!$P12 -> 0.016343411 | G12: =REND!G12-REND!$P12 -> 0.011472171 | H12: =REND!H12-REND!$P12 -> 0.012343145 | I12: =REND!I12-REND!$P12 -> 0.0021927857 | ... L12: =REND!L12-REND!$P12 -> 0.01042227
A13: 43481 | B13: =REND!B13-REND!$P13 -> -0.00022076863 | C13: =REND!C13-REND!$P13 -> 0.010750817 | D13: =REND!D13-REND!$P13 -> 0.032345858 | E13: =REND!E13-REND!$P13 -> 0.0077776181 | F13: =REND!F13-REND!$P13 -> 0.0025175177 | G13: =REND!G13-REND!$P13 -> 0.0093523463 | H13: =REND!H13-REND!$P13 -> -0.004701893 | I13: =REND!I13-REND!$P13 -> 0.0068301113 | ... L13: =REND!L13-REND!$P13 -> 0.0042069601
... A892: 44712 | B892: =REND!B892-REND!$P892 -> -0.015714168 | C892: =REND!C892-REND!$P892 -> 0.027747309 | D892: =REND!D892-REND!$P892 -> 0.0094472776 | E892: =REND!E892-REND!$P892 -> 0.009233873 | F892: =REND!F892-REND!$P892 -> -0.00077527214 | G892: =REND!G892-REND!$P892 -> 0.0065341633 | H892: =REND!H892-REND!$P892 -> 0.019384626 | I892: =REND!I892-REND!$P892 -> -0.0047986278 | ... L892: =REND!L892-REND!$P892 -> -0.0019230186

Sheet RUS
A1: datetime | B1: RUS
A2: 43466 | B2: 0
A3: 43467 | B3: 0
A4: 43468 | B4: 0.0072242134
A5: 43469 | B5: 0.012923373
A6: 43472 | B6: 0
A7: 43473 | B7: -0.0070097593
A8: 43474 | B8: 0.010175323
A9: 43475 | B9: 0.0082586459
A10: 43476 | B10: 0.0042225291
A11: 43479 | B11: -0.0017606359
A12: 43480 | B12: -0.00024591676
A13: 43481 | B13: -0.0020311241
... A891: 44711 | B891: -0.002995023

Sheet RUS_corr
A1: datetime | B1: RUS
A2: 43466 | B2: 0
A3: 43467 | B3: 0
A4: 43468 | B4: 0.0072242134
A5: 43469 | B5: 0.012923373
A6: 43472 | B6: 0
A7: 43473 | B7: -0.0070097593
A8: 43474 | B8: 0.010175323
A9: 43475 | B9: 0.0082586459
A10: 43476 | B10: 0.0042225291
A11: 43479 | B11: -0.0017606359
A12: 43480 | B12: -0.00024591676
A13: 43481 | B13: -0.0020311241
... A890: 44711 | B890: -0.002995023

Sheet CHN
A1: datetime | B1: CHN
A2: 43466 | B2: 0
A3: 43467 | B3: -0.022246243
A4: 43468 | B4: -0.013965958
A5: 43469 | B5: 0.028066207
A6: 43472 | B6: 0.014226234
A7: 43473 | B7: 0.0032844883
A8: 43474 | B8: 0.025268969
A9: 43475 | B9: 0.0042630093
A10: 43476 | B10: 0.002705849
A11: 43479 | B11: -0.016071385
A12: 43480 | B12: 0.021044542
A13: 43481 | B13: 0.0089404613
... A891: 44711 | B891: 0.019373034

Sheet TUR
A1: datetime | B1: TUR
A2: 43466 | B2: 0
A3: 43467 | B3: -0.029077128
A4: 43468 | B4: -0.014620012
A5: 43469 | B5: 0.016713517
A6: 43472 | B6: 0.013627523
A7: 43473 | B7: 0.0094944481
A8: 43474 | B8: 0.0037350324
A9: 43475 | B9: 0.00073550077
A10: 43476 | B10: 0.0072492128
A11: 43479 | B11: 0.0051148633
A12: 43480 | B12: 0.013881331
A13: 43481 | B13: 0.030535503
... A891: 44711 | B891: 0.03515491

Sheet KOR
A1: datetime | B1: KOR
A2: 43466 | B2: 0
A3: 43467 | B3: -0.014952699
A4: 43468 | B4: -0.01112051
A5: 43469 | B5: 0.0064666714
A6: 43472 | B6: 0.01645449
A7: 43473 | B7: -0.0090485371
A8: 43474 | B8: 0.025020936
A9: 43475 | B9: 0.00046896307
A10: 43476 | B10: 0.0066560971
A11: 43479 | B11: -0.0092700586
A12: 43480 | B12: 0.020287973
A13: 43481 | B13: 0.0059672627
... A891: 44711 | B891: 0.012618907

Sheet IND
A1: datetime | B1: IND
A2: 43466 | B2: 0.0028184938
A3: 43467 | B3: -0.011230907
A4: 43468 | B4: -0.011403709
A5: 43469 | B5: 0.0042504222
A6: 43472 | B6: 0.0040393814
A7: 43473 | B7: 0.002703326
A8: 43474 | B8: 0.0046327894
A9: 43475 | B9: -0.0010112918
A10: 43476 | B10: -0.003079153
A11: 43479 | B11: -0.0039517062
A12: 43480 | B12: 0.015287733
A13: 43481 | B13: 0.00070716226
... A891: 44711 | B891: 0.022316152

Sheet SAU
A1: datetime | B1: SAU
A2: 43466 | B2: -0.0030933815
A3: 43467 | B3: -5.7505966e-05
A4: 43468 | B4: 0.0069593719
A5: 43469 | B5: 0
A6: 43472 | B6: 0.030392228
A7: 43473 | B7: -0.00037036875
A8: 43474 | B8: 0.013156451
A9: 43475 | B9: 0.011309571
A10: 43476 | B10: 0
A11: 43479 | B11: 0.0085497817
A12: 43480 | B12: 0.010416493
A13: 43481 | B13: 0.0075419909
... A891: 44711 | B891: 0.030235362

Sheet TWN
A1: datetime | B1: TWN
A2: 43466 | B2: 0
A3: 43467 | B3: -0.020897726
A4: 43468 | B4: -0.0091836051
A5: 43469 | B5: -0.016736707
A6: 43472 | B6: 0.024135418
A7: 43473 | B7: -0.003914526
A8: 43474 | B8: 0.020005461
A9: 43475 | B9: -0.0011492397
A10: 43476 | B10: 0.0076683884
A11: 43479 | B11: -0.0068028235
A12: 43480 | B12: 0.011287467
A13: 43481 | B13: -0.0065122484
... A891: 44711 | B891: 0.023643065

Sheet MEX
A1: datetime | B1: MEX
A2: 43466 | B2: 0
A3: 43467 | B3: 0.016144205
A4: 43468 | B4: -0.0045994082
A5: 43469 | B5: 0.0081398532
A6: 43472 | B6: 0.0087933322
A7: 43473 | B7: 0.017445147
A8: 43474 | B8: 0.0031133034
A9: 43475 | B9: -0.00028824919
A10: 43476 | B10: -0.0047774151
A11: 43479 | B11: -0.00082857575
A12: 43480 | B12: 0.0011371072
A13: 43481 | B13: 0.0050197559
... A891: 44711 | B891: -0.0085940721

Sheet BRA
A1: datetime | B1: BRA
A2: 43466 | B2: 0
A3: 43467 | B3: 0.035020173
A4: 43468 | B4: 0.0064442173
A5: 43469 | B5: 0.0020764646
A6: 43472 | B6: -0.00041976244
A7: 43473 | B7: 0.0039594503
A8: 43474 | B8: 0.017215555
A9: 43475 | B9: 0.0014623316
A10: 43476 | B10: -0.0019023611
A11: 43479 | B11: 0.008160424
A12: 43480 | B12: -0.0042464924
A13: 43481 | B13: 0.0040765113
... A891: 44711 | B891: -0.0078320873

Sheet ZAF
A1: datetime | B1: ZAF
A2: 43466 | B2: 0
A3: 43467 | B3: -0.028063318
A4: 43468 | B4: 0.010297463
A5: 43469 | B5: 0.013392908
A6: 43472 | B6: -0.006876203
A7: 43473 | B7: -0.00045609192
A8: 43474 | B8: 0.024903697
A9: 43475 | B9: 0.0031249721
A10: 43476 | B10: 0.0079372456
A11: 43479 | B11: -0.003442557
A12: 43480 | B12: 0.0037614154
A13: 43481 | B13: 0.0081575407
... A891: 44711 | B891: 0.026864103
